{
    "cities": [
        {
            "name": "Phoenix",
            "state": "Arizona",
            "stateAbbrev": "AZ",
            "country": "United States",
            "population": 1625000,
            "hdi": 0.85,
            "coordinates": [33.44804639692806, -112.07382884763126]
        },
        {
            "name": "Denver",
            "state": "Colorado",
            "stateAbbrev": "CO",
            "country": "United States",
            "population": 711463,
            "hdi": 0.94,
            "coordinates": [39.74019513428951, -104.99030676657203]
        },
        {
            "name": "Tucson",
            "state": "Arizona",
            "stateAbbrev": "AZ",
            "country": "United States",
            "population": 543242,
            "hdi": 0.9,
            "coordinates": [32.25370224791275, -110.9734154759764]
        },
        {
            "name": "Miami",
            "state": "Florida",
            "stateAbbrev": "FL",
            "country": "United States",
            "population": 439890,
            "hdi": 0.95,
            "coordinates": [25.76160956342318, -80.19197886382732]
        },
        {
            "name": "Las Vegas",
            "state": "Nevada",
            "stateAbbrev": "NV",
            "country": "United States",
            "population": 646790,
            "hdi": 0.84,
            "coordinates": [36.173815848091984, -115.13878845166381]
        },
        {
            "name": "Oklahoma City",
            "state": "Oklahoma",
            "stateAbbrev": "OK",
            "country": "United States",
            "population": 687725,
            "hdi": 0.7,
            "coordinates": [35.468172853648035, -97.51534496662066]
        },
        {
            "name": "Brownsville",
            "state": "Texas",
            "stateAbbrev": "TX",
            "country": "United States",
            "population": 191774,
            "hdi": 0.85,
            "coordinates": [25.901664322459677, -97.49753314439442]
        },
        {
            "name": "Corpus Christi",
            "state": "Texas",
            "stateAbbrev": "TX",
            "country": "United States",
            "population": 316239,
            "hdi": 0.8,
            "coordinates": [27.799719340500104, -97.3981790793408]
        },
        {
            "name": "Houston",
            "state": "Texas",
            "stateAbbrev": "TX",
            "country": "United States",
            "population": 2302878,
            "hdi": 0.94,
            "coordinates": [29.760025047119033, -95.36962502597683]
        },
        {
            "name": "Galveston",
            "state": "Texas",
            "stateAbbrev": "TX",
            "country": "United States",
            "population": 53089,
            "hdi": 0.92,
            "coordinates": [29.301357921297576, -94.79777063899319]
        },
        {
            "name": "New Orleans",
            "state": "Louisiana",
            "stateAbbrev": "LA",
            "country": "United States",
            "population": 369749,
            "hdi": 0.9,
            "coordinates": [29.94904780329661, -90.0740479247519]
        },
        {
            "name": "Baton Rouge",
            "state": "Louisiana",
            "stateAbbrev": "LA",
            "country": "United States",
            "population": 221453,
            "hdi": 0.84,
            "coordinates": [30.45154502706973, -91.18796705441859]
        },
        {
            "name": "Lafayette",
            "state": "Louisiana",
            "stateAbbrev": "LA",
            "country": "United States",
            "population": 121389,
            "hdi": 0.87,
            "coordinates": [30.223973285022335, -92.02000555057384]
        },
        {
            "name": "Beaumont",
            "state": "Texas",
            "stateAbbrev": "TX",
            "country": "United States",
            "population": 112089,
            "hdi": 0.8,
            "coordinates": [30.079206641437764, -94.13041613372772]
        },
        {
            "name": "Mobile",
            "state": "Alabama",
            "stateAbbrev": "AL",
            "country": "United States",
            "population": 183289,
            "hdi": 0.9,
            "coordinates": [30.695138809576452, -88.03795944550787]
        },
        {
            "name": "Tallahassee",
            "state": "Florida",
            "stateAbbrev": "FL",
            "country": "United States",
            "population": 201731,
            "hdi": 0.95,
            "coordinates": [30.442863447117084, -84.28338539424189]
        },
        {
            "name": "Jacksonville",
            "state": "Florida",
            "stateAbbrev": "FL",
            "country": "United States",
            "population": 990931,
            "hdi": 0.76,
            "coordinates": [30.333766565254503, -81.65622165123946]
        },
        {
            "name": "Orlando",
            "state": "Florida",
            "stateAbbrev": "FL",
            "country": "United States",
            "population": 302206,
            "hdi": 0.89,
            "coordinates": [28.512573765004685, -81.37987645510722]
        },
        {
            "name": "Tampa",
            "state": "Florida",
            "stateAbbrev": "FL",
            "country": "United States",
            "population": 398173,
            "hdi": 0.93,
            "coordinates": [27.94262941524427, -82.44608473193205]
        },
        {
            "name": "St. Petersburg",
            "state": "Florida",
            "stateAbbrev": "FL",
            "country": "United States",
            "population": 261256,
            "hdi": 0.89,
            "coordinates": [27.774801856772775, -82.63538564228243]
        },
        {
            "name": "Clearwater",
            "state": "Florida",
            "stateAbbrev": "FL",
            "country": "United States",
            "population": 117027,
            "hdi": 0.84,
            "coordinates": [27.97235032227863, -82.79873312693393]
        },
        {
            "name": "Lakeland",
            "state": "Florida",
            "stateAbbrev": "FL",
            "country": "United States",
            "population": 120071,
            "hdi": 0.88,
            "coordinates": [28.046514461911478, -81.9500285920695]
        },
        {
            "name": "Pensacola",
            "state": "Florida",
            "stateAbbrev": "FL",
            "country": "United States",
            "population": 53876,
            "hdi": 0.83,
            "coordinates": [30.41672996104868, -87.21856702839594]
        },
        {
            "name": "Brunswick",
            "state": "Georgia",
            "stateAbbrev": "GA",
            "country": "United States",
            "population": 15159,
            "hdi": 0.78,
            "coordinates": [31.159624778361742, -81.49604704189058]
        },
        {
            "name": "Charleston",
            "state": "South Carolina",
            "stateAbbrev": "SC",
            "country": "United States",
            "population": 153672,
            "hdi": 0.9,
            "coordinates": [32.789403827050315, -79.94349221470597]
        },
        {
            "name": "Wilmington",
            "state": "North Carolina",
            "stateAbbrev": "NC",
            "country": "United States",
            "population": 120324,
            "hdi": 0.91,
            "coordinates": [34.20623137728098, -77.88604320560022]
        },
        {
            "name": "Zürich",
            "state": "",
            "stateAbbrev": "",
            "country": "Switzerland",
            "population": 341730,
            "hdi": 0.98,
            "coordinates": [47.374681900843306, 8.541666826957352]
        },
        {
            "name": "Cancún",
            "state": "Quintana Roo",
            "stateAbbrev": "QI",
            "country": "Mexico",
            "population": 888797,
            "hdi": 0.76,
            "coordinates": [21.161910609740946, -86.85152901276138]
        },
        {
            "name": "Merida",
            "state": "Yucatan",
            "stateAbbrev": "YU",
            "country": "Mexico",
            "population": 1316090,
            "hdi": 0.76,
            "coordinates": [20.97116942591282, -89.62243362369776]
        },
        {
            "name": "Port-au Prince",
            "state": "",
            "stateAbbrev": "",
            "country": "Haiti",
            "population": 2618894,
            "hdi": 0.55,
            "coordinates": [18.558229755192173, -72.3151618987741]
        },
        {
            "name": "Oranjestad",
            "state": "Sint Eustatius",
            "stateAbbrev": "",
            "country": "Netherlands",
            "population": 1598,
            "hdi": 0.90,
            "coordinates": [17.488089468929058, -62.97782399168253]
        },
        {
            "name": "Charlotte Amalie",
            "state": "US Virgin Islands",
            "stateAbbrev": "",
            "country": "United States",
            "population": 18481,
            "hdi": 0.89,
            "coordinates": [18.343443522592416, -64.93615820517711]
        },
        {
            "name": "Marigot",
            "state": "Saint Martin",
            "stateAbbrev": "",
            "country": "France",
            "population": 6000,
            "hdi": 0.85,
            "coordinates": [18.067736159066282, -63.080927986567296]
        },
        {
            "name": "Basseterre",
            "state": "Saint Peter Basseterre",
            "stateAbbrev": "",
            "country": "St. Kitts and Nevis",
            "population": 14000,
            "hdi": 0.8,
            "coordinates": [17.29723506159882, -62.723160405056184]
        },
        {
            "name": "St. Johns",
            "state": "Saint John",
            "stateAbbrev": "",
            "country": "Antigua and Barbuda",
            "population": 22219,
            "hdi": 0.79,
            "coordinates": [17.12940113611193, -61.840909990784375]
        },
        {
            "name": "Pointe-à-Pitre",
            "state": "Pointe-à-Pitre",
            "stateAbbrev": "",
            "country": "France",
            "population": 16343,
            "hdi": 0.85,
            "coordinates": [16.23642411946152, -61.54166454126283]
        },
        {
            "name": "Roseau",
            "state": "Saint George",
            "stateAbbrev": "",
            "country": "Dominica",
            "population": 14725,
            "hdi": 0.74,
            "coordinates": [15.301401983117998, -61.38419653706104]
        },
        {
            "name": "Fort-de-France",
            "state": "Fort-de-France",
            "stateAbbrev": "",
            "country": "France",
            "population": 74921,
            "hdi": 0.94,
            "coordinates": [14.604337825815355, -61.06951131451838]
        },
        {
            "name": "Castries",
            "state": "Castries",
            "stateAbbrev": "",
            "country": "Saint Lucia",
            "population": 20000,
            "hdi": 0.71,
            "coordinates": [14.011017140438101, -60.989517117722436]
        },
        {
            "name": "Bridgetown",
            "state": "Saint Michael",
            "stateAbbrev": "",
            "country": "Barbados",
            "population": 110000,
            "hdi": 0.79,
            "coordinates": [13.098779012262762, -59.61279303075591]
        },
        {
            "name": "Kingstown",
            "state": "St. George",
            "stateAbbrev": "",
            "country": "St Vincent And The Grenadines",
            "population": 16500,
            "hdi": 0.76,
            "coordinates": [13.15549333422444, -61.226238214629475]
        },
        {
            "name": "St. Petersburg",
            "state": "St. Petersburg",
            "stateAbbrev": "SPb",
            "country": "Russia",
            "population": 5600000,
            "hdi": 0.918,
            "coordinates": [59.93239475536908, 30.361202279562395]
        },
        {
            "name": "Moscow",
            "state": "Moscow",
            "stateAbbrev": "MSK",
            "country": "Russia",
            "population": 13010112,
            "hdi": 0.940,
            "coordinates": [55.75586445533307, 37.61684485384861]
        },
        {
            "name": "Petropavlovsk-Kamchatsky",
            "state": "Kamchatka Krai",
            "stateAbbrev": "KK",
            "country": "Russia",
            "population": 179780,
            "hdi": 0.838,
            "coordinates": [53.058899981639584, 158.63541152481804]
        },
        {
            "name": "Vladivostok",
            "state": "Primorsky Krai",
            "stateAbbrev": "PK",
            "country": "Russia",
            "population": 597237,
            "hdi": 0.836,
            "coordinates": [43.12873403071479, 131.91946617730025]
        },
        {
            "name": "Irkutsk",
            "state": "Irkutsk Oblast",
            "stateAbbrev": "IO",
            "country": "Russia",
            "population": 623869,
            "hdi": 0.852,
            "coordinates": [52.285953373545624, 104.31249991928917]
        },
        {
            "name": "Yekaterinburg",
            "state": "Sverdlovsk Oblast",
            "stateAbbrev": "SO",
            "country": "Russia",
            "population": 1495066,
            "hdi": 0.864,
            "coordinates": [56.83020764087959, 60.613905399797794]
        },
        {
            "name": "Sevastopol",
            "state": "Sevastopol",
            "stateAbbrev": "SL",
            "country": "Russia",
            "population": 547820,
            "hdi": 0.832,
            "coordinates": [44.60612365705007, 33.51494630107737]
        },
        {
            "name": "Kherson",
            "state": "Kherson Oblast",
            "stateAbbrev": "KO",
            "country": "Russia",
            "population": 279131,
            "hdi": 0.832,
            "coordinates": [46.6391580812989, 32.61646268137413]
        },
        {
            "name": "Manchester",
            "state": "England",
            "stateAbbrev": "ENG",
            "country": "United Kingdom",
            "population": 549853,
            "hdi": 0.914,
            "coordinates": [53.47871688605632, -2.2474591185958888]
        },
        {
            "name": "London",
            "state": "England",
            "stateAbbrev": "ENG",
            "country": "United Kingdom",
            "population": 14800000,
            "hdi": 0.973,
            "coordinates": [51.507565224150014, -0.10638035123778519]
        },
        {
            "name": "Glasgow",
            "state": "Scotland",
            "stateAbbrev": "SCT",
            "country": "United Kingdom",
            "population": 1861315,
            "hdi": 0.921,
            "coordinates": [55.85743868443112, -4.2491191527967445]
        },
        {
            "name": "Chattanooga",
            "state": "Tennessee",
            "stateAbbrev": "TN",
            "country": "United States",
            "population": 562647,
            "hdi": 0.895,
            "coordinates": [35.03899811692095, -85.29812463436676]
        },
        {
            "name": "Nashville",
            "state": "Tennessee",
            "stateAbbrev": "TN",
            "country": "United States",
            "population": 2072283,
            "hdi": 0.895,
            "coordinates": [36.16195556572133, -86.78165144247343]
        },
        {
            "name": "Knoxville",
            "state": "Tennessee",
            "stateAbbrev": "TN",
            "country": "United States",
            "population": 1096961,
            "hdi": 0.895,
            "coordinates": [35.98057822553712, -83.92852833918941]
        },
        {
            "name": "Hull",
            "state": "England",
            "stateAbbrev": "",
            "country": "United Kingdom",
            "population": 266423,
            "hdi": 0.93,
            "coordinates": [53.7570753337258, -0.3278230045990585]
        },
        {
            "name": "Dublin",
            "state": "Leinster",
            "stateAbbrev": "",
            "country": "Ireland",
            "population": 544107,
            "hdi": 0.94,
            "coordinates": [53.3472728114541, -6.26501794751519]
        },
        {
            "name": "Havana",
            "state": "Havana",
            "stateAbbrev": "",
            "country": "Cuba",
            "population": 2130000,
            "hdi": 0.76,
            "coordinates": [23.113973073055316, -82.36621593490322] 
        },
        {
            "name": "Camaguey",
            "state": "Camagüey",
            "stateAbbrev": "",
            "country": "Cuba",
            "population": 306152,
            "hdi": 0.76,
            "coordinates": [21.384243374322015, -77.90705384011893] 
        },
        {
            "name": "Santiago de Cuba",
            "state": "Santiago de Cuba",
            "stateAbbrev": "",
            "country": "Cuba",
            "population": 433498,
            "hdi": 0.76,
            "coordinates": [20.02335001920656, -75.83127601329876] 
        },
        {
            "name": "Santo Domingo",
            "state": "Santo Domingo",
            "stateAbbrev": "",
            "country": "Dominican Republic",
            "population": 4579356,
            "hdi": 0.76,
            "coordinates": [18.462641880251606, -69.93601688177951]
        },
        {
            "name": "San Juan",
            "state": "Puerto Rico",
            "stateAbbrev": "PR",
            "country": "United States",
            "population": 340903,
            "hdi": 0.84,
            "coordinates": [18.432204694534825, -66.09814394201267]
        },
        {
            "name": "Ponce",
            "state": "Puerto Rico",
            "stateAbbrev": "PR",
            "country": "United States",
            "population": 137491,
            "hdi": 0.84,
            "coordinates": [18.010176948685466, -66.61253088988207]
        },
        {
            "name": "Nassau",
            "state": "New Providence",
            "stateAbbrev": "",
            "country": "Bahamas",
            "population": 266100,
            "hdi": 0.82,
            "coordinates": [25.046451490505834, -77.34779903908459]
        },
        {
            "name": "Freeport",
            "state": "West Grand Bahama",
            "stateAbbrev": "",
            "country": "Bahamas",
            "population": 26914,
            "hdi": 0.82,
            "coordinates": [26.53354900765378, -78.64380668690586]
        },
        {
            "name": "Cockburn Town",
            "state": "Turks and Caicos Islands",
            "stateAbbrev": "",
            "country": "United Kingdom",
            "population": 3700,
            "hdi": 0.87,
            "coordinates": [21.467804285027754, -71.13726558931634]
        },
        {
            "name": "Kingston",
            "state": "St. Andrew",
            "stateAbbrev": "",
            "country": "Jamaica",
            "population": 1243000,
            "hdi": 0.71,
            "coordinates": [18.01760069151215, -76.80701616483385]
        },
        {
            "name": "Montego Bay",
            "state": "St. James",
            "stateAbbrev": "",
            "country": "Jamaica",
            "population": 427891,
            "hdi": 0.71,
            "coordinates": [18.469178523776634, -77.91576948291288]
        },
        {
            "name": "George Town",
            "state": "Cayman Islands",
            "stateAbbrev": "",
            "country": "United Kingdom",
            "population": 427891,
            "hdi": 0.87,
            "coordinates": [19.29593783817226, -81.38070827620538]
        },
        {
            "name": "San Andrés",
            "state": "San Andrés",
            "stateAbbrev": "",
            "country": "Colombia",
            "population": 67912,
            "hdi": 0.75,
            "coordinates": [12.580964649826939, -81.70184957686136]
        },
        {
            "name": "Oranjestad",
            "state": "Aruba",
            "stateAbbrev": "",
            "country": "Netherlands",
            "population": 28658,
            "hdi": 0.87,
            "coordinates": [12.52297182545941, -70.03584164334644]
        },
        {
            "name": "Willemstad",
            "state": "Curaçao",
            "stateAbbrev": "",
            "country": "Netherlands",
            "population": 136660,
            "hdi": 0.87,
            "coordinates": [12.107345397483632, -68.93142829215645]
        },
        {
            "name": "Key West",
            "state": "Florida",
            "stateAbbrev": "FL",
            "country": "United States",
            "population": 26444,
            "hdi": 0.91,
            "coordinates": [24.554295323591845, -81.78190220604809]
        },
        {
            "name": "Port of Spain",
            "state": "Trinidad",
            "stateAbbrev": "",
            "country": "Trinidad & Tobago",
            "population": 81142,
            "hdi": 0.81,
            "coordinates": [10.666713315157363, -61.5104175399365]
        },
        {
            "name": "Chaguanas",
            "state": "Chaguanas",
            "stateAbbrev": "",
            "country": "Trinidad & Tobago",
            "population": 101297,
            "hdi": 0.81,
            "coordinates": [10.516831358859562, -61.41099303644685]
        },
        {
            "name": "Philadelphia",
            "state": "Pennsylvania",
            "stateAbbrev": "PA",
            "country": "United States",
            "population": 5696125,
            "hdi": 0.92,
            "coordinates": [39.95183138672318, -75.16634323883736]
        },
        {
            "name": "New York City",
            "state": "New York",
            "stateAbbrev": "NY",
            "country": "United States",
            "population": 19426449,
            "hdi": 0.94,
            "coordinates": [40.7097166174018, -74.00787767277025]
        },
        {
            "name": "Baltimore",
            "state": "Maryland",
            "stateAbbrev": "MD",
            "country": "United States",
            "population": 2212038,
            "hdi": 0.94,
            "coordinates": [39.289872106297395, -76.61229357130466]
        },
        {
            "name": "Washington D.C.",
            "state": "District of Columbia",
            "stateAbbrev": "DC",
            "country": "United States",
            "population": 689545,
            "hdi": 0.94,
            "coordinates": [38.896845438959204, -77.02231577598843]
        },
        {
            "name": "Richmond",
            "state": "Virginia",
            "stateAbbrev": "VA",
            "country": "United States",
            "population": 1339182,
            "hdi": 0.93,
            "coordinates": [37.54075335906825, -77.43583936214671]
        },
        {
            "name": "Norfolk",
            "state": "Virginia",
            "stateAbbrev": "VA",
            "country": "United States",
            "population": 1725246,
            "hdi": 0.93,
            "coordinates": [36.85067640525063, -76.28685952052291]
        },
        {
            "name": "Boston",
            "state": "Massachusetts",
            "stateAbbrev": "MA",
            "country": "United States",
            "population": 4382009,
            "hdi": 0.95,
            "coordinates": [42.36142874374173, -71.06148946370504]
        },
        {
            "name": "Providence",
            "state": "Rhode Island",
            "stateAbbrev": "RI",
            "country": "United States",
            "population": 1285806,
            "hdi": 0.92,
            "coordinates": [41.82551923550077, -71.41867760393286]
        },
        {
            "name": "Portland",
            "state": "Maine",
            "stateAbbrev": "ME",
            "country": "United States",
            "population": 205356,
            "hdi": 0.92,
            "coordinates": [43.6600632542098, -70.25612566220748]
        },
        {
            "name": "Bangor",
            "state": "Maine",
            "stateAbbrev": "ME",
            "country": "United States",
            "population": 61210,
            "hdi": 0.92,
            "coordinates": [44.80003029918657, -68.77196971527718]
        },
        {
            "name": "Halifax",
            "state": "Nova Scotia",
            "stateAbbrev": "NS",
            "country": "Canada",
            "population": 465703,
            "hdi": 0.91,
            "coordinates": [44.671464227053015, -63.58913608668473]
        },
        {
            "name": "Sydney",
            "state": "Nova Scotia",
            "stateAbbrev": "NS",
            "country": "Canada",
            "population": 30960,
            "hdi": 0.91,
            "coordinates": [46.136537999893314, -60.191929525114595]
        },
        {
            "name": "St. John's",
            "state": "Newfoundland & Labrador",
            "stateAbbrev": "NL",
            "country": "Canada",
            "population": 30960,
            "hdi": 0.90,
            "coordinates": [47.552780317106794, -52.73581451575603]
        },
        {
            "name": "Praia",
            "state": "Praia",
            "stateAbbrev": "",
            "country": "Cape Verde",
            "population": 159050,
            "hdi": 0.66,
            "coordinates": [14.919218835434174, -23.508162093685286]
        },
        {
            "name": "Mexico City",
            "state": "Federal District",
            "stateAbbrev": "",
            "country": "Mexico",
            "population": 21804515,
            "hdi": 0.81,
            "coordinates": [19.439968927266673, -99.1274374816992]
        },
        {
            "name": "Guadalajara",
            "state": "Jalisco",
            "stateAbbrev": "",
            "country": "Mexico",
            "population": 5286542,
            "hdi": 0.76,
            "coordinates": [20.67620306681962, -103.34728877250716]
        },
        {
            "name": "Acapulco",
            "state": "Guerrero",
            "stateAbbrev": "",
            "country": "Mexico",
            "population": 852662,
            "hdi": 0.69,
            "coordinates": [16.863811332305755, -99.88267099097999]
        },
        {
            "name": "Monterrey",
            "state": "Nuevo León",
            "stateAbbrev": "",
            "country": "Mexico",
            "population": 5341171,
            "hdi": 0.80,
            "coordinates": [25.68575117467227, -100.31172890128971]
        },
        {
            "name": "San Diego",
            "state": "California",
            "stateAbbrev": "CA",
            "country": "United States",
            "population": 3070300,
            "hdi": 0.93,
            "coordinates": [32.7171863517969, -117.15974945528814]
        },
        {
            "name": "Cabo San Lucas",
            "state": "Baja California Sur",
            "stateAbbrev": "",
            "country": "Mexico",
            "population": 351111,
            "hdi": 0.78,
            "coordinates": [22.896457666098474, -109.9170108280096]
        },
        {
            "name": "Puerto Vallarta",
            "state": "Jalisco",
            "stateAbbrev": "",
            "country": "Mexico",
            "population": 479471,
            "hdi": 0.77,
            "coordinates": [20.663290163413013, -105.21581625257049]
        },
        {
            "name": "Matamoros",
            "state": "Tamaulipas",
            "stateAbbrev": "",
            "country": "Mexico",
            "population": 1387985,
            "hdi": 0.77,
            "coordinates": [25.86897072898417, -97.50368463194621]
        },
        {
            "name": "Mazatlán",
            "state": "Sinaloa",
            "stateAbbrev": "",
            "country": "Mexico",
            "population": 502547,
            "hdi": 0.78,
            "coordinates": [23.250705224175803, -106.41263404665412]
        },
        {
            "name": "Hilo",
            "state": "Hawaii",
            "stateAbbrev": "HI",
            "country": "United States",
            "population": 44186,
            "hdi": 0.94,
            "coordinates": [19.721447625698122, -155.08509946975275]
        },
        {
            "name": "Honolulu",
            "state": "Hawaii",
            "stateAbbrev": "HI",
            "country": "United States",
            "population": 1016508,
            "hdi": 0.94,
            "coordinates": [21.310509616982, -157.85947047687594]
        },
        {
            "name": "Manila",
            "state": "Metro Manila",
            "stateAbbrev": "",
            "country": "Philippines",
            "population": 13484482,
            "hdi": 0.71,
            "coordinates": [14.59992610907044, 120.97986691402494]
        },
        {
            "name": "Davao City",
            "state": "Davao",
            "stateAbbrev": "",
            "country": "Philippines",
            "population": 2770000,
            "hdi": 0.71,
            "coordinates": [7.073441998650671, 125.6163252452452]
        },
        {
            "name": "Cebu City",
            "state": "Cebu",
            "stateAbbrev": "",
            "country": "Philippines",
            "population": 2454000,
            "hdi": 0.71,
            "coordinates": [10.315980677179455, 123.90106904998233]
        },
        {
            "name": "Hong Kong",
            "state": "Hong Kong",
            "stateAbbrev": "",
            "country": "China",
            "population": 7500000,
            "hdi": 0.96,
            "coordinates": [22.319824792447708, 114.17490222633273]
        },
        {
            "name": "Macau",
            "state": "Macau",
            "stateAbbrev": "",
            "country": "China",
            "population": 672800,
            "hdi": 0.92,
            "coordinates": [22.199277540739864, 113.54490972483967]
        },
        {
            "name": "Tokyo",
            "state": "Tokyo",
            "stateAbbrev": "",
            "country": "Japan",
            "population": 39105000,
            "hdi": 0.95,
            "coordinates": [35.69044858348485, 139.77680613537055]
        },
        {
            "name": "Taipei",
            "state": "Taipei",
            "stateAbbrev": "",
            "country": "Taiwan",
            "population": 9078000,
            "hdi": 0.93,
            "coordinates": [25.026285163032828, 121.56290081416357]
        },
        {
            "name": "Cape Coral",
            "state": "Florida",
            "stateAbbrev": "FL",
            "country": "United States",
            "population": 599242,
            "hdi": 0.95,
            "coordinates": [26.564681132816006, -81.9460816316696]
        },
        {
            "name": "Andros Town",
            "state": "Bahamas",
            "stateAbbrev": "",
            "country": "Bahamas",
            "population": 59,
            "hdi": 0.8,
            "coordinates": [24.704658399742083, -77.78549028611594]
        },
        {
            "name": "Mars Bay Settlement",
            "state": "Bahamas",
            "stateAbbrev": "",
            "country": "Bahamas",
            "population": 88,
            "hdi": 0.81,
            "coordinates": [23.868167014538802, -77.51639003481657]
        },
        {
            "name": "Congo Town",
            "state": "Bahamas",
            "stateAbbrev": "",
            "country": "Bahamas",
            "population": 90,
            "hdi": 0.81,
            "coordinates": [24.15977539992686, -77.58363182609081]
        },
        {
            "name": "Black Point",
            "state": "Bahamas",
            "stateAbbrev": "",
            "country": "Bahamas",
            "population": 412,
            "hdi": 0.83,
            "coordinates": [24.08099700070789, -76.39830239673473]
        },
        {
            "name": "Matthew Town",
            "state": "Bahamas",
            "stateAbbrev": "",
            "country": "Bahamas",
            "population": 430,
            "hdi": 0.83,
            "coordinates": [20.951140279823722, -73.6745590360705]
        },
        {
            "name": "Betsy Bay Settlement",
            "state": "Bahamas",
            "stateAbbrev": "",
            "country": "Bahamas",
            "population": 44,
            "hdi": 0.81,
            "coordinates": [22.41940909957326, -73.1340917730254]
        },
        {
            "name": "George Town",
            "state": "Bahamas",
            "stateAbbrev": "",
            "country": "Bahamas",
            "population": 2488,
            "hdi": 0.83,
            "coordinates": [22.706487872728832, -73.93516452893859]
        },
        {
            "name": "Elbow Cay",
            "state": "Bahamas",
            "stateAbbrev": "",
            "country": "Bahamas",
            "population": 300,
            "hdi": 0.81,
            "coordinates": [26.523627702208362, -76.96842466059412]
        },
        {
            "name": "Holguin",
            "state": "",
            "stateAbbrev": "",
            "country": "Cuba",
            "population": 294965,
            "hdi": 0.74,
            "coordinates": [20.886510197065828, -76.25865498052562]
        },
        {
            "name": "Santa Clara",
            "state": "",
            "stateAbbrev": "",
            "country": "Cuba",
            "population": 216142,
            "hdi": 0.74,
            "coordinates": [22.40555476412992, -79.96609997729631]
        },
        {
            "name": "Cienfuegos",
            "state": "",
            "stateAbbrev": "",
            "country": "Cuba",
            "population": 150736,
            "hdi": 0.76,
            "coordinates": [22.14363937608299, -80.44049854118464]
        },
        {
            "name": "Taichung City",
            "state": "Taichung",
            "stateAbbrev": "",
            "country": "Taiwan",
            "population": 2635000,
            "hdi": 0.93,
            "coordinates": [24.163033912557708, 120.67400369031779]
        },
        {
            "name": "Kaohsiung City",
            "state": "Koahsiung",
            "stateAbbrev": "",
            "country": "Taiwan",
            "population": 2565000,
            "hdi": 0.93,
            "coordinates": [22.62470742709879, 120.30173200522815]
        },
        {
            "name": "Taitung City",
            "state": "Taitung",
            "stateAbbrev": "",
            "country": "Taiwan",
            "population": 2565000,
            "hdi": 0.93,
            "coordinates": [22.761005862495672, 121.14330320877558]
        },
        {
            "name": "Hualien City",
            "state": "Hualien",
            "stateAbbrev": "",
            "country": "Taiwan",
            "population": 99458,
            "hdi": 0.93,
            "coordinates": [23.984100053775116, 121.59711049001555]
        },
        {
            "name": "Yilan City",
            "state": "Yilan",
            "stateAbbrev": "",
            "country": "Taiwan",
            "population": 95019,
            "hdi": 0.93,
            "coordinates": [24.760026214231516, 121.7541712089672]
        },
        {
            "name": "Chiayi City",
            "state": "Chiayi",
            "stateAbbrev": "",
            "country": "Taiwan",
            "population": 2565000,
            "hdi": 0.93,
            "coordinates": [23.480790648927016, 120.44885565102076]
        },
        {
            "name": "Bayamón",
            "state": "Puerto Rico",
            "stateAbbrev": "PR",
            "country": "United States",
            "population": 185171,
            "hdi": 0.84,
            "coordinates": [18.368883032941707, -66.16409955813111]
        },
        {
            "name": "Caguas",
            "state": "Puerto Rico",
            "stateAbbrev": "PR",
            "country": "United States",
            "population": 127244,
            "hdi": 0.84,
            "coordinates": [18.238454791206287, -66.03531802539162]
        },
        {
            "name": "Arecibo",
            "state": "Puerto Rico",
            "stateAbbrev": "PR",
            "country": "United States",
            "population": 87754,
            "hdi": 0.84,
            "coordinates": [18.45982353351391, -66.7437463776623]
        },
        {
            "name": "Mayagüez",
            "state": "Puerto Rico",
            "stateAbbrev": "PR",
            "country": "United States",
            "population": 73077,
            "hdi": 0.84,
            "coordinates": [18.201578820502213, -67.14471926118878]
        },
        {
            "name": "Aguadilla",
            "state": "Puerto Rico",
            "stateAbbrev": "PR",
            "country": "United States",
            "population": 55101,
            "hdi": 0.84,
            "coordinates": [18.433108438189112, -67.15388434388241]
        },
        {
            "name": "Santiago",
            "state": "Santiago Province",
            "stateAbbrev": "",
            "country": "Dominican Republic",
            "population": 771748,
            "hdi": 0.76,
            "coordinates": [19.47416231953756, -70.6941151891787]
        },
        {
            "name": "Puerto Plata",
            "state": "Puerto Plata",
            "stateAbbrev": "",
            "country": "Dominican Republic",
            "population": 329419,
            "hdi": 0.76,
            "coordinates": [19.780738489764477, -70.68786641660871]
        },
        {
            "name": "La Vega",
            "state": "La Vega",
            "stateAbbrev": "",
            "country": "Dominican Republic",
            "population": 202864,
            "hdi": 0.76,
            "coordinates": [19.221496167952537, -70.52641903144143]
        },
        {
            "name": "San Pedro de Macorís",
            "state": "San Pedro de Macorís",
            "stateAbbrev": "",
            "country": "Dominican Republic",
            "population": 217523,
            "hdi": 0.76,
            "coordinates": [18.462909559424965, -69.30413826857381]
        },
        {
            "name": "La Romana",
            "state": "La Romana",
            "stateAbbrev": "",
            "country": "Dominican Republic",
            "population": 250000,
            "hdi": 0.76,
            "coordinates": [18.433788866642136, -68.9672616289907]
        },
        {
            "name": "Gonaïves",
            "state": "Artibonite",
            "stateAbbrev": "",
            "country": "Haiti",
            "population": 300000,
            "hdi": 0.55,
            "coordinates": [19.453545917803957, -72.68198581916127]
        },
        {
            "name": "Tegucigalpa",
            "state": "Francisco Morazán",
            "stateAbbrev": "",
            "country": "Honduras",
            "population": 1326460,
            "hdi": 0.62,
            "coordinates": [14.064709149182832, -87.16876632628116]
        },
        {
            "name": "San Pedro Sula",
            "state": "Cortés",
            "stateAbbrev": "",
            "country": "Honduras",
            "population": 834883,
            "hdi": 0.62,
            "coordinates": [15.50510708825073, -88.0216165592557]
        },
        {
            "name": "La Ceiba",
            "state": "Atlántida",
            "stateAbbrev": "",
            "country": "Honduras",
            "population": 232696,
            "hdi": 0.62,
            "coordinates": [15.773386764280207, -86.79118761822454]
        },
        {
            "name": "Tela",
            "state": "Atlántida",
            "stateAbbrev": "",
            "country": "Honduras",
            "population": 110225,
            "hdi": 0.62,
            "coordinates": [15.777916803918785, -87.4644276441344]
        },
        {
            "name": "Tocoa",
            "state": "Colón",
            "stateAbbrev": "",
            "country": "Honduras",
            "population": 111972,
            "hdi": 0.62,
            "coordinates": [15.657585868460517, -85.99875110430806]
        },
        {
            "name": "Puerto Lempira",
            "state": "Gracias a Dios",
            "stateAbbrev": "",
            "country": "Honduras",
            "population": 61626,
            "hdi": 0.62,
            "coordinates": [15.263156843131068, -83.77878218780904]
        },
        {
            "name": "Belize City",
            "state": "Belize",
            "stateAbbrev": "",
            "country": "Belize",
            "population": 61461,
            "hdi": 0.7,
            "coordinates": [17.503259442160257, -88.19494402041228]
        },
        {
            "name": "Belmopan",
            "state": "Cayo",
            "stateAbbrev": "",
            "country": "Belize",
            "population": 13381,
            "hdi": 0.7,
            "coordinates": [17.251107552059736, -88.76116248892404]
        },
        {
            "name": "Orange Walk Town",
            "state": "Orange Walk",
            "stateAbbrev": "",
            "country": "Belize",
            "population": 25767,
            "hdi": 0.7,
            "coordinates": [18.08533233241455, -88.56850433132287]
        },
        {
            "name": "San Pedro Town",
            "state": "Belize",
            "stateAbbrev": "",
            "country": "Belize",
            "population": 17429,
            "hdi": 0.7,
            "coordinates": [17.921764327514392, -87.96117396291466]
        },
        {
            "name": "Corozal Town",
            "state": "Corozal",
            "stateAbbrev": "",
            "country": "Belize",
            "population": 13502,
            "hdi": 0.7,
            "coordinates": [18.39676241256038, -88.39326953671258]
        },
        {
            "name": "Chetumal",
            "state": "Quintana Roo",
            "stateAbbrev": "QI",
            "country": "Mexico",
            "population": 169028,
            "hdi": 0.76,
            "coordinates": [18.49930416290748, -88.29674422597736]
        },
        {
            "name": "Sochi",
            "state": "Krasnodarsky Krai",
            "stateAbbrev": "",
            "country": "Russia",
            "population": 466000,
            "hdi": 0.840,
            "coordinates": [43.60117694382596, 39.73540762086746]
        },
        {
            "name": "Krasnodar",
            "state": "Krasnodarsky Krai",
            "stateAbbrev": "",
            "country": "Russia",
            "population": 1728678,
            "hdi": 0.840,
            "coordinates": [45.039507379638934, 38.98739705315364]
        },
        {
            "name": "Krasnodar",
            "state": "Krasnodarsky Krai",
            "stateAbbrev": "",
            "country": "Russia",
            "population": 1728678,
            "hdi": 0.840,
            "coordinates": [45.039507379638934, 38.98739705315364]
        },
        {
            "name": "Rostov-on-Don",
            "state": "Rostov Oblast",
            "stateAbbrev": "",
            "country": "Russia",
            "population": 1115000,
            "hdi": 0.826,
            "coordinates": [47.23785912193875, 39.67681540490911]
        },
        {
            "name": "Kazan",
            "state": "Tatarstan",
            "stateAbbrev": "",
            "country": "Russia",
            "population": 1243500,
            "hdi": 0.867,
            "coordinates": [55.78535408258429, 49.12273253380063]
        },
        {
            "name": "Murmansk",
            "state": "Murmansk Oblast",
            "stateAbbrev": "",
            "country": "Russia",
            "population": 267422,
            "hdi": 0.823,
            "coordinates": [68.96427007142823, 33.08953992800133]
        },
        {
            "name": "Chelyabinsk",
            "state": "Chelyabinsk Oblast",
            "stateAbbrev": "",
            "country": "Russia",
            "population": 1202371,
            "hdi": 0.826,
            "coordinates": [55.16506315533124, 61.43301555723001]
        },
        {
            "name": "Omsk",
            "state": "Omsk Oblast",
            "stateAbbrev": "",
            "country": "Russia",
            "population": 1108367,
            "hdi": 0.829,
            "coordinates": [54.967018826156895, 73.393117191873]
        },
        {
            "name": "Novosibirsk",
            "state": "Novosibirsk Oblast",
            "stateAbbrev": "",
            "country": "Russia",
            "population": 1567000,
            "hdi": 0.862,
            "coordinates": [54.994294818174886, 82.89515083900568]
        },
        {
            "name": "Panamá",
            "state": "Panamá",
            "stateAbbrev": "",
            "country": "Panamá",
            "population": 1086990,
            "hdi": 0.820,
            "coordinates": [9.029843662785995, -79.50465071208454]
        },
        {
            "name": "David",
            "state": "Chiriquí",
            "stateAbbrev": "",
            "country": "Panamá",
            "population": 82907,
            "hdi": 0.890,
            "coordinates": [8.419360131497895, -82.43138774295679]
        },
        {
            "name": "La Chorrera",
            "state": "Panamá Oeste",
            "stateAbbrev": "",
            "country": "Panamá",
            "population": 161470,
            "hdi": 0.890,
            "coordinates": [8.880137902465396, -79.78335429741433]
        },
        {
            "name": "Colón",
            "state": "Colón",
            "stateAbbrev": "",
            "country": "Panamá",
            "population": 241817,
            "hdi": 0.850,
            "coordinates": [9.35331463615277, -79.8976459002857]
        },
        {
            "name": "Santiago de Veraguas",
            "state": "Veraguas",
            "stateAbbrev": "",
            "country": "Panamá",
            "population": 101027,
            "hdi": 0.830,
            "coordinates": [8.100704861229543, -80.97730468762994]
        },
        {
            "name": "Bocas del Toro",
            "state": "Bocas del Toro",
            "stateAbbrev": "",
            "country": "Panamá",
            "population": 159228,
            "hdi": 0.719,
            "coordinates": [9.340729901212292, -82.24311110981272]
        },
        {
            "name": "Las Tablas",
            "state": "Los Santos",
            "stateAbbrev": "",
            "country": "Panamá",
            "population": 9255,
            "hdi": 0.719,
            "coordinates": [7.7667212546122055, -80.27483331377431]
        },
        {
            "name": "San José",
            "state": "San José",
            "stateAbbrev": "",
            "country": "Costa Rica",
            "population": 2158898,
            "hdi": 0.828,
            "coordinates": [9.933683173475343, -84.09892642643452]
        },
        {
            "name": "Quepos",
            "state": "Puntarenas",
            "stateAbbrev": "",
            "country": "Costa Rica",
            "population": 19858,
            "hdi": 0.828,
            "coordinates": [9.43195850021463, -84.16193128285062]
        },
        {
            "name": "Liberia",
            "state": "Guanacaste",
            "stateAbbrev": "",
            "country": "Costa Rica",
            "population": 53382,
            "hdi": 0.793,
            "coordinates": [10.634435046029616, -85.44090495456517]
        },
        {
            "name": "Tamarindo",
            "state": "Guanacaste",
            "stateAbbrev": "",
            "country": "Costa Rica",
            "population": 6375,
            "hdi": 0.793,
            "coordinates": [10.298947758565108, -85.84075624592049]
        },
        {
            "name": "Jacó",
            "state": "Puntarenas",
            "stateAbbrev": "",
            "country": "Costa Rica",
            "population": 11685,
            "hdi": 0.787,
            "coordinates": [9.615175995950718, -84.62889630251198]
        },
        {
            "name": "Puerto Viejo de Talamanca",
            "state": "Limón",
            "stateAbbrev": "",
            "country": "Costa Rica",
            "population": 10000,
            "hdi": 0.768,
            "coordinates": [9.65609242272666, -82.75420547134021]
        },
        {
            "name": "Limón",
            "state": "Limón",
            "stateAbbrev": "",
            "country": "Costa Rica",
            "population": 98500,
            "hdi": 0.768,
            "coordinates": [9.992088432079322, -83.0425505075448]
        },
        {
            "name": "Managua",
            "state": "Managua",
            "stateAbbrev": "",
            "country": "Nicaragua",
            "population": 1401687,
            "hdi": 0.768,
            "coordinates": [12.133283556576448, -86.2306932669227]
        },
        {
            "name": "Estelí",
            "state": "Estelí",
            "stateAbbrev": "",
            "country": "Nicaragua",
            "population": 131179,
            "hdi": 0.768,
            "coordinates": [13.090352074993936, -86.35841910500679]
        },
        {
            "name": "León",
            "state": "León",
            "stateAbbrev": "",
            "country": "Nicaragua",
            "population": 213718,
            "hdi": 0.768,
            "coordinates": [12.434191535208827, -86.88121512864761]
        },
        {
            "name": "Chinandega",
            "state": "Chinandega",
            "stateAbbrev": "",
            "country": "Nicaragua",
            "population": 137539,
            "hdi": 0.768,
            "coordinates": [12.624468120721096, -87.12925831796078]
        },
        {
            "name": "Matagalpa",
            "state": "Matagalpa",
            "stateAbbrev": "",
            "country": "Nicaragua",
            "population": 169540,
            "hdi": 0.768,
            "coordinates": [12.931668635876228, -85.91592061945123]
        },
        {
            "name": "Granada",
            "state": "Granada",
            "stateAbbrev": "",
            "country": "Nicaragua",
            "population": 134104,
            "hdi": 0.768,
            "coordinates": [11.934642914833699, -85.95602308193696]
        },
        {
            "name": "Puerto Cabezas",
            "state": "Región Autónoma de la Costa Caribe Norte",
            "stateAbbrev": "",
            "country": "Nicaragua",
            "population": 134535,
            "hdi": 0.768,
            "coordinates": [14.037592916618074, -83.39461847464355]
        },
        {
            "name": "Los Angeles",
            "state": "California",
            "stateAbbrev": "CA",
            "country": "United States",
            "population": 12237376,
            "hdi": 0.93,
            "coordinates": [34.05613547765359, -118.23462076235008]
        },
        {
            "name": "San Fransisco",
            "state": "California",
            "stateAbbrev": "CA",
            "country": "United States",
            "population": 4623264,
            "hdi": 0.93,
            "coordinates": [37.77596015546383, -122.41757013989037]
        },
        {
            "name": "San Jose",
            "state": "California",
            "stateAbbrev": "CA",
            "country": "United States",
            "population": 1837446,
            "hdi": 0.93,
            "coordinates": [37.3373800302748, -121.88600113307065]
        },
        {
            "name": "Sacramento",
            "state": "California",
            "stateAbbrev": "CA",
            "country": "United States",
            "population": 2397382,
            "hdi": 0.93,
            "coordinates": [38.57959320063111, -121.4947947730383]
        },
        {
            "name": "Portland",
            "state": "Oregon",
            "stateAbbrev": "OR",
            "country": "United States",
            "population": 2104238,
            "hdi": 0.93,
            "coordinates": [45.51483428729584, -122.67782716589947]
        },
        {
            "name": "Seattle",
            "state": "Washington",
            "stateAbbrev": "WA",
            "country": "United States",
            "population": 3544011,
            "hdi": 0.93,
            "coordinates": [47.60603643610282, -122.33329717159876]
        },
        {
            "name": "Juneau",
            "state": "Alaska",
            "stateAbbrev": "AK",
            "country": "United States",
            "population": 32225,
            "hdi": 0.93,
            "coordinates": [58.382525311857556, -134.57958158217477]
        },
        {
            "name": "Anchorage",
            "state": "Alaska",
            "stateAbbrev": "AK",
            "country": "United States",
            "population": 398807,
            "hdi": 0.93,
            "coordinates": [61.21716732818913, -149.89802673461693]
        },
        {
            "name": "Shreveport",
            "state": "Louisiana",
            "stateAbbrev": "LA",
            "country": "United States",
            "population": 288502,
            "hdi": 0.87,
            "coordinates": [32.52554368094709, -93.74940906662684]
        },
        {
            "name": "Lake Charles",
            "state": "Louisiana",
            "stateAbbrev": "LA",
            "country": "United States",
            "population": 254625,
            "hdi": 0.87,
            "coordinates": [30.226668019983975, -93.21765191208445]
        },
        {
            "name": "Houma",
            "state": "Louisiana",
            "stateAbbrev": "LA",
            "country": "United States",
            "population": 208178,
            "hdi": 0.87,
            "coordinates": [29.595328225861575, -90.7200825653244]
        },
        {
            "name": "New Iberia",
            "state": "Louisiana",
            "stateAbbrev": "LA",
            "country": "United States",
            "population": 28555,
            "hdi": 0.87,
            "coordinates": [30.003377370815297, -91.81964124636953]
        },
        {
            "name": "Panama City",
            "state": "Florida",
            "stateAbbrev": "FL",
            "country": "United States",
            "population": 202236,
            "hdi": 0.95,
            "coordinates": [30.15951806102415, -85.66011067858592]
        },
        {
            "name": "Cedar Key",
            "state": "Florida",
            "stateAbbrev": "FL",
            "country": "United States",
            "population": 687,
            "hdi": 0.95,
            "coordinates": [29.138635315925878, -83.03493522469299]
        },
        {
            "name": "Victoria",
            "state": "Texas",
            "stateAbbrev": "TX",
            "country": "United States",
            "population": 116000,
            "hdi": 0.94,
            "coordinates": [28.80559028384547, -97.00384024138458]
        },
        {
            "name": "Fort Worth",
            "state": "Texas",
            "stateAbbrev": "TX",
            "country": "United States",
            "population": 995049,
            "hdi": 0.94,
            "coordinates": [32.75592880400535, -97.33014462736307]
        },
        {
            "name": "Dallas",
            "state": "Texas",
            "stateAbbrev": "TX",
            "country": "United States",
            "population": 1299524,
            "hdi": 0.94,
            "coordinates": [32.77917955736045, -96.79733990020414]
        },
        {
            "name": "Austin",
            "state": "Texas",
            "stateAbbrev": "TX",
            "country": "United States",
            "population": 1809888,
            "hdi": 0.94,
            "coordinates": [30.269506629497485, -97.74299002621034]
        },
        {
            "name": "San Antonio",
            "state": "Texas",
            "stateAbbrev": "TX",
            "country": "United States",
            "population": 1992868,
            "hdi": 0.94,
            "coordinates": [29.426187920546973, -98.49526699693877]
        },
        {
            "name": "Dothan",
            "state": "Alabama",
            "stateAbbrev": "AL",
            "country": "United States",
            "population": 71072,
            "hdi": 0.9,
            "coordinates": [31.22440993337608, -85.3894955676342]
        },
        {
            "name": "Darwin",
            "state": "Northern Territory",
            "stateAbbrev": "",
            "country": "Australia",
            "population": 132045,
            "hdi": 0.95,
            "coordinates": [-12.464349766243151, 130.84461877610968]
        },
        {
            "name": "Kununurra",
            "state": "Western Australia",
            "stateAbbrev": "",
            "country": "Australia",
            "population": 5308,
            "hdi": 0.95,
            "coordinates": [-15.778696365707546, 128.74324574232733]
        },
        {
            "name": "Derby",
            "state": "Western Australia",
            "stateAbbrev": "",
            "country": "Australia",
            "population": 3325,
            "hdi": 0.96,
            "coordinates": [-17.309045944797255, 123.63914792507828]
        },
        {
            "name": "Broome",
            "state": "Western Australia",
            "stateAbbrev": "",
            "country": "Australia",
            "population": 14660,
            "hdi": 0.96,
            "coordinates": [-17.96256835232475, 122.23578062526956]
        },
        {
            "name": "Port Hedland",
            "state": "",
            "stateAbbrev": "",
            "country": "Australia",
            "population": 16000,
            "hdi": 0.96,
            "coordinates": [-20.31034069612214, 118.60839089724934]
        },
        {
            "name": "Bulgarra",
            "state": "Western Australia",
            "stateAbbrev": "",
            "country": "Australia",
            "population": 2990,
            "hdi": 0.96,
            "coordinates": [-20.72861984223426, 116.85886530047935]
        },
        {
            "name": "Karratha",
            "state": "Western Australia",
            "stateAbbrev": "",
            "country": "Australia",
            "population": 16796,
            "hdi": 0.96,
            "coordinates": [-20.735350360782782, 116.8450277728012]
        },
        {
            "name": "Nickol",
            "state": "Western Australia",
            "stateAbbrev": "",
            "country": "Australia",
            "population": 4938,
            "hdi": 0.96,
            "coordinates": [-20.74312222409528, 116.79992985881069]
        },
        {
            "name": "Dampier",
            "state": "Western Australia",
            "stateAbbrev": "",
            "country": "Australia",
            "population": 1275,
            "hdi": 0.96,
            "coordinates": [-20.66215482930306, 116.71042191962118]
        },
        {
            "name": "Exmouth",
            "state": "Western Australia",
            "stateAbbrev": "",
            "country": "Australia",
            "population": 3205,
            "hdi": 0.96,
            "coordinates": [-21.93314584899593, 114.1279938742455]
        },
        {
            "name": "Carnarvon",
            "state": "Western Australia",
            "stateAbbrev": "",
            "country": "Australia",
            "population": 4879,
            "hdi": 0.96,
            "coordinates": [-24.883879017296977, 113.65717138485986]
        },
        {
            "name": "Perth",
            "state": "Western Australia",
            "stateAbbrev": "",
            "country": "Australia",
            "population": 2067000,
            "hdi": 0.96,
            "coordinates": [-31.95130030981305, 115.86124641882081]
        },
        {
            "name": "Townsville",
            "state": "Queensland",
            "stateAbbrev": "",
            "country": "Australia",
            "population": 202000,
            "hdi": 0.96,
            "coordinates": [-19.294634414526666, 146.76192336957467]
        },
        {
            "name": "Cairns",
            "state": "Queensland",
            "stateAbbrev": "",
            "country": "Australia",
            "population": 175398,
            "hdi": 0.96,
            "coordinates": [-16.921107557046028, 145.7703824551883]
        }
    ]
}
